filename,width,height,class,xmin,ymin,xmax,ymax
001.jpg,1609,1357,tree,461,98,645,394
001.jpg,1609,1357,tree,596,13,980,314
001.jpg,1609,1357,tree,1006,607,1215,1043
001.jpg,1609,1357,tree,789,875,984,1181
001.jpg,1609,1357,tree,1349,1130,1607,1356
001.jpg,1609,1357,tree,1457,7,1603,214
001.jpg,1609,1357,tree,58,382,244,704
001.jpg,1609,1357,tree,90,146,296,448
001.jpg,1609,1357,tree,515,1169,618,1320
001.jpg,1609,1357,tree,994,471,1135,646
001.jpg,1609,1357,tree,141,1091,334,1357
002.jpg,1565,1585,tree,279,406,512,736
002.jpg,1565,1585,tree,330,587,540,865
002.jpg,1565,1585,tree,573,682,710,860
002.jpg,1565,1585,tree,201,1128,386,1340
002.jpg,1565,1585,tree,25,1274,317,1582
002.jpg,1565,1585,tree,451,1503,591,1581
002.jpg,1565,1585,tree,862,38,973,228
002.jpg,1565,1585,tree,896,311,993,474
002.jpg,1565,1585,tree,1173,399,1284,562
002.jpg,1565,1585,tree,1127,11,1371,170
002.jpg,1565,1585,tree,196,3,408,197
003.jpg,1623,1493,tree,17,399,312,750
003.jpg,1623,1493,tree,714,1007,1104,1478
003.jpg,1623,1493,tree,1250,997,1511,1304
003.jpg,1623,1493,tree,522,253,657,397
003.jpg,1623,1493,tree,1323,161,1588,467
003.jpg,1623,1493,tree,1241,7,1523,329
004.jpg,1447,1614,tree,514,249,669,423
004.jpg,1447,1614,tree,445,605,607,775
004.jpg,1447,1614,tree,153,480,365,799
004.jpg,1447,1614,tree,191,155,395,418
004.jpg,1447,1614,tree,48,134,320,511
004.jpg,1447,1614,tree,889,410,1403,944
004.jpg,1447,1614,tree,88,1320,269,1573
005.jpg,1294,1549,tree,184,266,403,508
005.jpg,1294,1549,tree,203,74,325,225
005.jpg,1294,1549,tree,631,449,802,667
005.jpg,1294,1549,tree,869,107,1162,367
005.jpg,1294,1549,tree,775,267,974,484
005.jpg,1294,1549,tree,916,495,1171,736
005.jpg,1294,1549,tree,807,682,1016,892
005.jpg,1294,1549,tree,907,933,1098,1107
006.jpg,1144,1538,tree,741,547,1007,861
006.jpg,1144,1538,tree,822,9,1025,373
006.jpg,1144,1538,tree,128,45,355,345
006.jpg,1144,1538,tree,163,473,409,750
006.jpg,1144,1538,tree,207,776,394,960
006.jpg,1144,1538,tree,468,1335,622,1522
006.jpg,1144,1538,tree,923,975,1050,1122
006.jpg,1144,1538,tree,964,1132,1110,1324
006.jpg,1144,1538,tree,1002,789,1140,1001
006.jpg,1144,1538,tree,468,1199,578,1360
007.jpg,1008,1525,tree,158,78,338,376
007.jpg,1008,1525,tree,13,79,121,379
007.jpg,1008,1525,tree,387,260,509,447
007.jpg,1008,1525,tree,261,508,361,682
007.jpg,1008,1525,tree,638,828,732,965
007.jpg,1008,1525,tree,666,1131,751,1221
007.jpg,1008,1525,tree,424,1215,529,1349
007.jpg,1008,1525,tree,887,1202,971,1308
007.jpg,1008,1525,tree,795,1350,909,1486
007.jpg,1008,1525,tree,37,1176,153,1373
008.jpg,1430,1618,tree,384,1032,542,1220
008.jpg,1430,1618,tree,689,874,882,1069
008.jpg,1430,1618,tree,765,1036,925,1227
008.jpg,1430,1618,tree,1170,1041,1365,1267
008.jpg,1430,1618,tree,684,522,830,812
008.jpg,1430,1618,tree,174,1027,355,1303
008.jpg,1430,1618,tree,11,1041,137,1289
008.jpg,1430,1618,tree,17,1307,287,1565
009.jpg,1409,801,tree,899,4,1219,350
009.jpg,1409,801,tree,132,105,380,358
010.jpg,1489,1133,tree,14,730,166,930
010.jpg,1489,1133,tree,61,466,165,589
010.jpg,1489,1133,tree,65,106,325,468
010.jpg,1489,1133,tree,17,7,277,328
010.jpg,1489,1133,tree,1162,1028,1259,1119
011.jpg,1794,1004,tree,564,589,915,914
011.jpg,1794,1004,tree,944,705,1093,922
011.jpg,1794,1004,tree,1216,727,1413,877
011.jpg,1794,1004,tree,1535,35,1747,248
012.jpg,2009,996,tree,393,523,611,847
012.jpg,2009,996,tree,97,557,345,838
012.jpg,2009,996,tree,691,603,851,774
012.jpg,2009,996,tree,899,338,989,438
012.jpg,2009,996,tree,1378,693,1498,815
012.jpg,2009,996,tree,1753,594,2003,871
013.jpg,899,1193,tree,118,53,317,249
013.jpg,899,1193,tree,37,106,101,209
013.jpg,899,1193,tree,341,399,471,552
013.jpg,899,1193,tree,228,473,390,658
013.jpg,899,1193,tree,156,755,290,909
013.jpg,899,1193,tree,658,285,889,542
013.jpg,899,1193,tree,505,507,634,739
013.jpg,899,1193,tree,613,563,741,730
013.jpg,899,1193,tree,533,840,725,1035
013.jpg,899,1193,tree,474,1001,670,1180
013.jpg,899,1193,tree,691,1016,890,1188
013.jpg,899,1193,tree,765,777,893,1019
014.jpg,1346,1217,tree,871,637,1129,883
014.jpg,1346,1217,tree,27,67,433,484
015.jpg,1556,1056,tree,969,161,1218,505
015.jpg,1556,1056,tree,154,125,357,360
015.jpg,1556,1056,tree,1001,710,1222,905
015.jpg,1556,1056,tree,808,725,948,859
015.jpg,1556,1056,tree,595,502,673,610
016.jpg,1377,927,tree,473,133,698,336
016.jpg,1377,927,tree,454,490,885,869
016.jpg,1377,927,tree,57,455,199,607
016.jpg,1377,927,tree,1084,218,1355,521
017.jpg,1301,1127,tree,350,409,604,679
017.jpg,1301,1127,tree,462,307,738,691
017.jpg,1301,1127,tree,450,661,702,920
017.jpg,1301,1127,tree,777,572,1173,1089
018.jpg,1727,930,tree,576,161,732,320
018.jpg,1727,930,tree,369,265,509,412
018.jpg,1727,930,tree,458,354,601,488
018.jpg,1727,930,tree,101,49,270,226
018.jpg,1727,930,tree,378,38,491,184
018.jpg,1727,930,tree,733,535,861,672
018.jpg,1727,930,tree,877,772,985,906
018.jpg,1727,930,tree,1593,465,1694,625
018.jpg,1727,930,tree,1126,498,1277,668
018.jpg,1727,930,tree,916,563,1025,677
018.jpg,1727,930,tree,6,26,101,220
019.jpg,1127,752,tree,154,391,252,537
019.jpg,1127,752,tree,603,510,694,699
019.jpg,1127,752,tree,306,337,569,744
019.jpg,1127,752,tree,236,424,374,737
019.jpg,1127,752,tree,964,352,1071,434
019.jpg,1127,752,tree,108,212,237,324
020.jpg,1055,874,tree,437,691,603,844
020.jpg,1055,874,tree,250,743,342,867
020.jpg,1055,874,tree,189,317,263,469
020.jpg,1055,874,tree,243,403,327,556
020.jpg,1055,874,tree,330,592,398,696
020.jpg,1055,874,tree,409,477,569,657
020.jpg,1055,874,tree,595,473,707,608
020.jpg,1055,874,tree,856,425,1014,636
020.jpg,1055,874,tree,736,570,834,709
020.jpg,1055,874,tree,436,337,574,470
020.jpg,1055,874,tree,335,342,420,464
020.jpg,1055,874,tree,294,138,422,311
020.jpg,1055,874,tree,88,85,162,201
020.jpg,1055,874,tree,428,74,495,184
020.jpg,1055,874,tree,564,166,687,402
020.jpg,1055,874,tree,662,342,766,504
020.jpg,1055,874,tree,736,258,846,392
021.jpg,989,990,tree,578,829,735,988
021.jpg,989,990,tree,352,729,490,862
021.jpg,989,990,tree,84,735,244,899
021.jpg,989,990,tree,16,715,92,915
021.jpg,989,990,tree,20,538,84,648
021.jpg,989,990,tree,223,414,303,521
021.jpg,989,990,tree,326,314,399,410
021.jpg,989,990,tree,434,304,491,385
021.jpg,989,990,tree,461,394,583,462
021.jpg,989,990,tree,664,302,721,399
021.jpg,989,990,tree,729,337,806,440
021.jpg,989,990,tree,858,442,970,637
021.jpg,989,990,tree,653,616,780,783
021.jpg,989,990,tree,786,652,896,811
021.jpg,989,990,tree,854,56,940,177
021.jpg,989,990,tree,719,110,839,236
021.jpg,989,990,tree,610,28,749,153
021.jpg,989,990,tree,206,105,303,219
021.jpg,989,990,tree,404,183,510,304
021.jpg,989,990,tree,589,177,699,294
021.jpg,989,990,tree,422,89,503,208
021.jpg,989,990,tree,368,2,456,81
021.jpg,989,990,tree,658,116,741,255
021.jpg,989,990,tree,868,183,966,284
021.jpg,989,990,tree,843,325,924,398
022.jpg,1113,790,tree,682,521,799,684
022.jpg,1113,790,tree,890,301,1077,508
022.jpg,1113,790,tree,672,343,745,428
022.jpg,1113,790,tree,615,173,678,243
022.jpg,1113,790,tree,816,186,936,291
022.jpg,1113,790,tree,159,123,252,245
022.jpg,1113,790,tree,33,13,211,132
022.jpg,1113,790,tree,561,45,622,110
022.jpg,1113,790,tree,743,6,847,78
022.jpg,1113,790,tree,108,476,264,649
022.jpg,1113,790,tree,224,373,474,598
022.jpg,1113,790,tree,228,647,380,715
022.jpg,1113,790,tree,378,583,512,723
022.jpg,1113,790,tree,9,411,92,588
022.jpg,1113,790,tree,53,609,173,684
022.jpg,1113,790,tree,978,649,1101,779
022.jpg,1113,790,tree,506,125,566,194
022.jpg,1113,790,tree,8,186,68,248
023.jpg,1290,815,tree,33,79,146,265
023.jpg,1290,815,tree,890,120,1018,350
023.jpg,1290,815,tree,1126,343,1238,502
023.jpg,1290,815,tree,923,330,1019,446
023.jpg,1290,815,tree,714,152,856,316
023.jpg,1290,815,tree,656,221,788,376
023.jpg,1290,815,tree,498,270,582,390
023.jpg,1290,815,tree,294,262,415,394
023.jpg,1290,815,tree,714,445,803,560
023.jpg,1290,815,tree,664,693,760,804
023.jpg,1290,815,tree,602,491,707,604
023.jpg,1290,815,tree,1027,668,1107,811
023.jpg,1290,815,tree,904,752,1022,812
023.jpg,1290,815,tree,250,176,388,309
023.jpg,1290,815,tree,370,133,492,282
023.jpg,1290,815,tree,236,76,365,162
023.jpg,1290,815,tree,175,226,284,326
023.jpg,1290,815,tree,675,588,813,696
024.jpg,1455,780,tree,403,33,478,138
024.jpg,1455,780,tree,491,47,571,133
024.jpg,1455,780,tree,186,235,246,318
024.jpg,1455,780,tree,265,339,358,477
024.jpg,1455,780,tree,338,297,433,423
024.jpg,1455,780,tree,487,259,551,345
024.jpg,1455,780,tree,466,387,543,459
024.jpg,1455,780,tree,121,610,192,706
024.jpg,1455,780,tree,19,603,83,711
024.jpg,1455,780,tree,539,548,649,700
024.jpg,1455,780,tree,639,517,737,681
024.jpg,1455,780,tree,737,489,821,652
024.jpg,1455,780,tree,805,508,912,629
024.jpg,1455,780,tree,688,313,754,424
024.jpg,1455,780,tree,734,277,824,428
024.jpg,1455,780,tree,605,409,744,537
024.jpg,1455,780,tree,156,388,256,496
024.jpg,1455,780,tree,775,43,820,101
024.jpg,1455,780,tree,639,122,705,226
024.jpg,1455,780,tree,723,124,790,205
024.jpg,1455,780,tree,787,180,839,274
024.jpg,1455,780,tree,924,87,987,158
024.jpg,1455,780,tree,927,183,995,272
024.jpg,1455,780,tree,1081,118,1144,197
024.jpg,1455,780,tree,1054,359,1137,475
024.jpg,1455,780,tree,1066,229,1162,361
024.jpg,1455,780,tree,1155,196,1247,310
024.jpg,1455,780,tree,1200,442,1301,547
024.jpg,1455,780,tree,1282,347,1360,501
024.jpg,1455,780,tree,1165,357,1273,476
024.jpg,1455,780,tree,995,197,1062,337
025.jpg,1298,836,tree,653,111,787,292
025.jpg,1298,836,tree,377,150,443,259
025.jpg,1298,836,tree,309,70,391,178
025.jpg,1298,836,tree,236,73,307,171
025.jpg,1298,836,tree,206,130,298,226
025.jpg,1298,836,tree,8,6,79,200
025.jpg,1298,836,tree,910,349,980,450
025.jpg,1298,836,tree,1015,180,1158,317
025.jpg,1298,836,tree,1176,158,1250,313
025.jpg,1298,836,tree,151,457,278,686
026.jpg,1416,815,tree,763,578,930,784
026.jpg,1416,815,tree,1013,547,1282,814
026.jpg,1416,815,tree,16,518,472,812
027.jpg,1185,1237,tree,854,499,1170,873
027.jpg,1185,1237,tree,620,911,744,1074
027.jpg,1185,1237,tree,54,14,412,390
028.jpg,1381,1038,tree,251,52,558,329
028.jpg,1381,1038,tree,829,400,1062,678
028.jpg,1381,1038,tree,682,145,794,310
028.jpg,1381,1038,tree,762,44,896,199
028.jpg,1381,1038,tree,1213,43,1342,240
028.jpg,1381,1038,tree,1211,362,1371,587
028.jpg,1381,1038,tree,740,641,1090,978
028.jpg,1381,1038,tree,43,514,234,716
028.jpg,1381,1038,tree,6,665,222,929
029.jpg,1702,983,tree,817,3,935,191
029.jpg,1702,983,tree,596,836,816,971
029.jpg,1702,983,tree,45,586,410,961
029.jpg,1702,983,tree,34,328,400,684
029.jpg,1702,983,tree,121,219,387,476
029.jpg,1702,983,tree,41,13,390,313
030.jpg,2097,1340,tree,786,31,1220,526
030.jpg,2097,1340,tree,1137,82,1587,502
030.jpg,2097,1340,tree,1643,176,2022,658
030.jpg,2097,1340,tree,450,442,865,842
030.jpg,2097,1340,tree,422,729,750,1168
030.jpg,2097,1340,tree,76,665,513,1183
030.jpg,2097,1340,tree,357,1,690,215
030.jpg,2097,1340,tree,1252,608,1530,868
031.jpg,1942,1423,tree,67,354,370,691
031.jpg,1942,1423,tree,325,517,644,873
031.jpg,1942,1423,tree,961,416,1191,701
031.jpg,1942,1423,tree,826,19,1126,335
031.jpg,1942,1423,tree,1165,32,1576,460
031.jpg,1942,1423,tree,1340,1146,1708,1423
031.jpg,1942,1423,tree,1126,588,1535,1232
031.jpg,1942,1423,tree,844,841,1309,1317
031.jpg,1942,1423,tree,1593,557,1941,1104
031.jpg,1942,1423,tree,1735,1160,1882,1295
032.jpg,1388,979,tree,162,66,276,215
032.jpg,1388,979,tree,38,40,120,140
032.jpg,1388,979,tree,464,515,522,606
032.jpg,1388,979,tree,79,381,292,660
032.jpg,1388,979,tree,234,702,318,792
032.jpg,1388,979,tree,818,79,953,224
032.jpg,1388,979,tree,997,37,1093,114
032.jpg,1388,979,tree,1318,291,1374,343
032.jpg,1388,979,tree,652,140,720,219
032.jpg,1388,979,tree,538,6,612,102
032.jpg,1388,979,tree,645,239,749,335
032.jpg,1388,979,tree,653,360,782,508
032.jpg,1388,979,tree,696,494,825,620
032.jpg,1388,979,tree,851,513,909,593
032.jpg,1388,979,tree,1110,568,1243,688
032.jpg,1388,979,tree,1025,642,1132,780
032.jpg,1388,979,tree,855,823,948,894
032.jpg,1388,979,tree,828,740,917,828
032.jpg,1388,979,tree,1097,804,1205,906
032.jpg,1388,979,tree,809,245,874,339
032.jpg,1388,979,tree,933,306,1017,360
033.jpg,1390,1035,tree,366,503,442,600
033.jpg,1390,1035,tree,693,641,797,740
033.jpg,1390,1035,tree,433,665,515,736
033.jpg,1390,1035,tree,519,686,649,792
033.jpg,1390,1035,tree,540,801,585,863
033.jpg,1390,1035,tree,450,904,513,955
033.jpg,1390,1035,tree,930,930,989,983
033.jpg,1390,1035,tree,844,966,916,1025
033.jpg,1390,1035,tree,1184,904,1337,1022
033.jpg,1390,1035,tree,1171,723,1295,878
033.jpg,1390,1035,tree,907,569,951,645
033.jpg,1390,1035,tree,763,209,935,351
033.jpg,1390,1035,tree,677,261,786,370
033.jpg,1390,1035,tree,378,249,593,409
033.jpg,1390,1035,tree,530,439,697,582
033.jpg,1390,1035,tree,200,238,335,364
033.jpg,1390,1035,tree,277,77,441,253
033.jpg,1390,1035,tree,18,269,107,383
033.jpg,1390,1035,tree,14,63,85,170
033.jpg,1390,1035,tree,728,1,914,173
033.jpg,1390,1035,tree,595,100,713,247
033.jpg,1390,1035,tree,573,3,713,114
033.jpg,1390,1035,tree,473,29,557,142
033.jpg,1390,1035,tree,1013,159,1089,245
033.jpg,1390,1035,tree,1064,28,1175,184
033.jpg,1390,1035,tree,1113,249,1216,394
033.jpg,1390,1035,tree,1197,187,1297,308
033.jpg,1390,1035,tree,1242,333,1298,399
033.jpg,1390,1035,tree,983,549,1053,632
033.jpg,1390,1035,tree,797,422,860,505
033.jpg,1390,1035,tree,136,6,282,75
033.jpg,1390,1035,tree,851,827,938,899
034.jpg,1804,1151,tree,24,543,100,637
034.jpg,1804,1151,tree,73,269,144,371
034.jpg,1804,1151,tree,161,118,280,263
034.jpg,1804,1151,tree,122,6,254,131
034.jpg,1804,1151,tree,199,286,293,420
034.jpg,1804,1151,tree,319,370,395,487
034.jpg,1804,1151,tree,318,568,367,641
034.jpg,1804,1151,tree,361,552,426,660
034.jpg,1804,1151,tree,337,734,399,801
034.jpg,1804,1151,tree,466,790,544,864
034.jpg,1804,1151,tree,589,591,805,884
034.jpg,1804,1151,tree,758,898,835,1019
034.jpg,1804,1151,tree,989,915,1040,976
034.jpg,1804,1151,tree,906,779,961,842
034.jpg,1804,1151,tree,802,567,935,745
034.jpg,1804,1151,tree,1183,651,1327,801
034.jpg,1804,1151,tree,748,159,845,232
034.jpg,1804,1151,tree,569,12,671,85
034.jpg,1804,1151,tree,651,373,719,498
034.jpg,1804,1151,tree,550,256,637,385
034.jpg,1804,1151,tree,487,401,550,475
034.jpg,1804,1151,tree,513,604,577,692
034.jpg,1804,1151,tree,224,425,302,518
034.jpg,1804,1151,tree,332,493,395,564
034.jpg,1804,1151,tree,389,203,460,304
034.jpg,1804,1151,tree,282,125,334,185
034.jpg,1804,1151,tree,473,234,558,356
034.jpg,1804,1151,tree,384,37,467,163
034.jpg,1804,1151,tree,854,87,951,227
034.jpg,1804,1151,tree,774,1,895,119
034.jpg,1804,1151,tree,1041,35,1105,158
034.jpg,1804,1151,tree,1211,140,1291,230
034.jpg,1804,1151,tree,1002,253,1115,375
034.jpg,1804,1151,tree,1040,520,1124,648
034.jpg,1804,1151,tree,1049,379,1155,512
034.jpg,1804,1151,tree,1180,447,1230,532
034.jpg,1804,1151,tree,1223,510,1330,620
034.jpg,1804,1151,tree,1161,562,1246,642
034.jpg,1804,1151,tree,1163,888,1228,946
034.jpg,1804,1151,tree,745,1071,838,1145
034.jpg,1804,1151,tree,505,1030,654,1146
034.jpg,1804,1151,tree,1302,976,1360,1035
034.jpg,1804,1151,tree,1199,1013,1260,1085
034.jpg,1804,1151,tree,1384,1024,1456,1120
034.jpg,1804,1151,tree,1428,954,1543,1098
034.jpg,1804,1151,tree,1518,982,1610,1096
034.jpg,1804,1151,tree,1667,867,1785,949
034.jpg,1804,1151,tree,1430,519,1573,690
034.jpg,1804,1151,tree,1308,299,1433,501
034.jpg,1804,1151,tree,1354,414,1506,591
034.jpg,1804,1151,tree,1696,404,1794,512
034.jpg,1804,1151,tree,1555,437,1662,532
034.jpg,1804,1151,tree,1523,27,1644,123
034.jpg,1804,1151,tree,1276,799,1408,892
034.jpg,1804,1151,tree,35,1048,104,1129
034.jpg,1804,1151,tree,834,438,878,499
034.jpg,1804,1151,tree,1604,701,1687,791
034.jpg,1804,1151,tree,1604,557,1662,634
034.jpg,1804,1151,tree,1695,681,1755,754
035.jpg,1787,763,tree,153,521,281,716
035.jpg,1787,763,tree,74,338,180,496
035.jpg,1787,763,tree,209,310,251,349
035.jpg,1787,763,tree,203,410,233,473
035.jpg,1787,763,tree,303,312,337,356
035.jpg,1787,763,tree,349,330,395,379
035.jpg,1787,763,tree,349,263,406,309
035.jpg,1787,763,tree,462,267,492,302
035.jpg,1787,763,tree,666,186,721,238
035.jpg,1787,763,tree,726,181,770,225
035.jpg,1787,763,tree,767,136,802,180
035.jpg,1787,763,tree,808,128,849,175
035.jpg,1787,763,tree,645,249,742,392
035.jpg,1787,763,tree,547,328,652,513
035.jpg,1787,763,tree,611,431,724,617
035.jpg,1787,763,tree,639,612,745,752
035.jpg,1787,763,tree,754,619,816,696
035.jpg,1787,763,tree,1060,507,1130,575
035.jpg,1787,763,tree,1243,646,1321,724
035.jpg,1787,763,tree,1418,254,1524,398
035.jpg,1787,763,tree,1578,62,1649,165
035.jpg,1787,763,tree,1379,16,1452,194
035.jpg,1787,763,tree,1273,152,1324,223
035.jpg,1787,763,tree,1155,206,1243,271
035.jpg,1787,763,tree,1021,166,1135,287
035.jpg,1787,763,tree,929,218,1012,282
035.jpg,1787,763,tree,1153,315,1206,416
035.jpg,1787,763,tree,1198,336,1258,417
035.jpg,1787,763,tree,1301,491,1365,606
035.jpg,1787,763,tree,1214,427,1284,540
035.jpg,1787,763,tree,824,246,881,311
035.jpg,1787,763,tree,879,443,930,527
035.jpg,1787,763,tree,790,418,837,478
035.jpg,1787,763,tree,865,535,943,634
035.jpg,1787,763,tree,872,686,954,760
035.jpg,1787,763,tree,436,455,512,546
035.jpg,1787,763,tree,1520,537,1601,666
035.jpg,1787,763,tree,822,605,881,679
036.jpg,1566,1880,tree,390,464,672,724
036.jpg,1566,1880,tree,850,788,1124,1068
036.jpg,1566,1880,tree,330,706,612,912
036.jpg,1566,1880,tree,196,572,302,668
036.jpg,1566,1880,tree,326,1218,416,1310
036.jpg,1566,1880,tree,118,1626,344,1784
036.jpg,1566,1880,tree,86,1728,280,1878
036.jpg,1566,1880,tree,280,1670,470,1846
036.jpg,1566,1880,tree,772,1202,976,1394
036.jpg,1566,1880,tree,1392,542,1556,702
036.jpg,1566,1880,tree,1354,316,1530,520
036.jpg,1566,1880,tree,1230,236,1398,432
036.jpg,1566,1880,tree,1204,644,1350,786
036.jpg,1566,1880,tree,1386,724,1488,816
036.jpg,1566,1880,tree,1414,892,1556,1024
037.jpg,1926,777,tree,336,240,462,411
037.jpg,1926,777,tree,491,249,669,471
037.jpg,1926,777,tree,1062,136,1215,327
037.jpg,1926,777,tree,1509,3,1728,224
038.jpg,1584,1612,tree,149,736,235,850
038.jpg,1584,1612,tree,230,712,352,850
038.jpg,1584,1612,tree,144,864,292,983
038.jpg,1584,1612,tree,145,1152,257,1281
038.jpg,1584,1612,tree,404,976,580,1216
038.jpg,1584,1612,tree,330,1429,469,1552
038.jpg,1584,1612,tree,764,1202,892,1354
038.jpg,1584,1612,tree,907,1398,1026,1514
038.jpg,1584,1612,tree,1035,193,1287,455
038.jpg,1584,1612,tree,1175,16,1352,150
039.jpg,1574,1716,tree,51,769,291,1067
039.jpg,1574,1716,tree,693,607,1356,1471
039.jpg,1574,1716,tree,602,29,864,271
040.jpg,1630,1797,tree,635,486,1143,1046
040.jpg,1630,1797,tree,104,49,416,344
040.jpg,1630,1797,tree,29,432,291,817
040.jpg,1630,1797,tree,279,1051,696,1478
040.jpg,1630,1797,tree,27,951,239,1292
040.jpg,1630,1797,tree,539,1619,696,1767
040.jpg,1630,1797,tree,227,1682,358,1797
040.jpg,1630,1797,tree,1377,1640,1523,1788
040.jpg,1630,1797,tree,1014,1334,1121,1457
040.jpg,1630,1797,tree,254,524,456,753
041.jpg,1528,1287,tree,14,432,189,587
041.jpg,1528,1287,tree,252,153,337,276
041.jpg,1528,1287,tree,331,135,477,273
041.jpg,1528,1287,tree,537,421,671,590
041.jpg,1528,1287,tree,290,589,659,958
041.jpg,1528,1287,tree,514,910,631,1062
041.jpg,1528,1287,tree,699,1009,915,1212
041.jpg,1528,1287,tree,333,1097,501,1213
041.jpg,1528,1287,tree,486,1073,658,1208
041.jpg,1528,1287,tree,1188,730,1318,873
041.jpg,1528,1287,tree,742,179,1141,798
041.jpg,1528,1287,tree,1219,228,1405,424
041.jpg,1528,1287,tree,1199,426,1452,665
041.jpg,1528,1287,tree,1130,49,1375,245
041.jpg,1528,1287,tree,1429,67,1522,187
042.jpg,2047,1168,tree,1611,148,1917,396
042.jpg,2047,1168,tree,1776,548,2027,789
042.jpg,2047,1168,tree,908,751,1077,965
042.jpg,2047,1168,tree,980,825,1195,1048
042.jpg,2047,1168,tree,704,769,880,1070
042.jpg,2047,1168,tree,685,220,890,462
042.jpg,2047,1168,tree,258,579,423,796
042.jpg,2047,1168,tree,384,647,549,828
042.jpg,2047,1168,tree,13,847,165,1078
042.jpg,2047,1168,tree,430,836,596,985
042.jpg,2047,1168,tree,641,694,741,796
042.jpg,2047,1168,tree,858,990,1002,1119
042.jpg,2047,1168,tree,719,1058,888,1165
043.jpg,1317,1451,tree,422,465,1005,979
043.jpg,1317,1451,tree,599,1104,970,1376
043.jpg,1317,1451,tree,1142,679,1299,993
043.jpg,1317,1451,tree,41,867,165,1054
043.jpg,1317,1451,tree,93,618,330,859
043.jpg,1317,1451,tree,79,428,298,638
043.jpg,1317,1451,tree,61,248,195,425
043.jpg,1317,1451,tree,128,133,244,294
043.jpg,1317,1451,tree,290,258,388,362
043.jpg,1317,1451,tree,424,45,602,239
043.jpg,1317,1451,tree,164,10,398,198
043.jpg,1317,1451,tree,10,13,158,188
043.jpg,1317,1451,tree,135,1167,230,1344
043.jpg,1317,1451,tree,339,1287,396,1358
044.jpg,1479,1190,tree,108,687,333,962
044.jpg,1479,1190,tree,41,924,198,1098
044.jpg,1479,1190,tree,742,765,810,875
044.jpg,1479,1190,tree,1012,673,1127,784
044.jpg,1479,1190,tree,626,194,915,434
044.jpg,1479,1190,tree,904,120,1162,470
044.jpg,1479,1190,tree,1221,375,1333,558
044.jpg,1479,1190,tree,1381,366,1465,558
044.jpg,1479,1190,tree,721,54,828,170
045.jpg,1291,1245,tree,257,885,531,1145
045.jpg,1291,1245,tree,578,885,831,1189
045.jpg,1291,1245,tree,845,970,972,1090
045.jpg,1291,1245,tree,18,735,111,866
045.jpg,1291,1245,tree,782,353,949,474
045.jpg,1291,1245,tree,816,102,918,185
045.jpg,1291,1245,tree,143,323,312,530
045.jpg,1291,1245,tree,6,357,103,519
045.jpg,1291,1245,tree,87,180,156,256
045.jpg,1291,1245,tree,366,452,453,594
045.jpg,1291,1245,tree,1151,248,1291,374
045.jpg,1291,1245,tree,95,12,168,118
045.jpg,1291,1245,tree,265,51,316,120
045.jpg,1291,1245,tree,1018,448,1098,581
045.jpg,1291,1245,tree,1185,415,1240,524
047.jpg,1409,1542,tree,646,742,860,932
047.jpg,1409,1542,tree,1062,500,1259,770
047.jpg,1409,1542,tree,928,77,1106,326
047.jpg,1409,1542,tree,839,1104,1072,1357
047.jpg,1409,1542,tree,1021,942,1144,1150
047.jpg,1409,1542,tree,1098,747,1342,998
047.jpg,1409,1542,tree,832,1365,1053,1542
047.jpg,1409,1542,tree,62,741,242,937
048.jpg,1944,1307,tree,169,391,329,623
048.jpg,1944,1307,tree,37,405,147,592
048.jpg,1944,1307,tree,140,1002,325,1141
048.jpg,1944,1307,tree,691,623,830,769
048.jpg,1944,1307,tree,365,502,494,680
048.jpg,1944,1307,tree,713,370,869,484
048.jpg,1944,1307,tree,883,537,1008,699
048.jpg,1944,1307,tree,1240,649,1422,833
048.jpg,1944,1307,tree,1427,1074,1566,1259
048.jpg,1944,1307,tree,1591,1123,1725,1266
048.jpg,1944,1307,tree,1725,966,1851,1130
049.jpg,1084,920,tree,84,46,192,141
049.jpg,1084,920,tree,98,159,205,262
049.jpg,1084,920,tree,103,256,198,356
049.jpg,1084,920,tree,98,451,156,578
049.jpg,1084,920,tree,164,459,270,593
049.jpg,1084,920,tree,237,348,327,461
049.jpg,1084,920,tree,310,350,443,474
049.jpg,1084,920,tree,437,416,553,524
049.jpg,1084,920,tree,539,343,618,430
049.jpg,1084,920,tree,603,395,682,482
049.jpg,1084,920,tree,757,380,828,452
049.jpg,1084,920,tree,766,258,851,351
049.jpg,1084,920,tree,838,274,956,401
049.jpg,1084,920,tree,712,491,813,579
049.jpg,1084,920,tree,785,441,861,551
049.jpg,1084,920,tree,893,445,1015,578
049.jpg,1084,920,tree,491,765,569,820
049.jpg,1084,920,tree,558,759,658,838
049.jpg,1084,920,tree,857,742,924,826
049.jpg,1084,920,tree,292,740,374,824
050.jpg,844,1085,tree,156,383,335,505
050.jpg,844,1085,tree,126,482,274,598
050.jpg,844,1085,tree,64,398,111,467
050.jpg,844,1085,tree,130,759,181,819
050.jpg,844,1085,tree,22,1006,87,1073
050.jpg,844,1085,tree,71,966,121,1036
050.jpg,844,1085,tree,104,968,181,1050
050.jpg,844,1085,tree,373,754,462,848
050.jpg,844,1085,tree,410,538,498,664
050.jpg,844,1085,tree,484,583,552,657
050.jpg,844,1085,tree,715,397,813,486
050.jpg,844,1085,tree,700,318,754,374
050.jpg,844,1085,tree,734,273,825,350
050.jpg,844,1085,tree,640,204,704,281
050.jpg,844,1085,tree,612,440,656,522
050.jpg,844,1085,tree,707,483,776,557
051.jpg,1164,650,tree,365,227,470,337
051.jpg,1164,650,tree,547,308,605,373
051.jpg,1164,650,tree,212,345,252,387
051.jpg,1164,650,tree,166,489,241,559
051.jpg,1164,650,tree,833,374,926,491
051.jpg,1164,650,tree,856,505,917,570
051.jpg,1164,650,tree,977,481,1037,545
051.jpg,1164,650,tree,1087,493,1115,546
